title,company,location,link
2022년 메타버스 아카데미 1기 교육생,한국전파진흥협회,성남 분당구,https://www.indeed.com/viewjob?jk=4a678bc862e55348&from=serp&vjs=3
파이썬 개발자 - Python Developer,axxessio GmbH,,https://www.indeed.com/viewjob?jk=6fa799897d8ef951&from=serp&vjs=3
각 부문별,네이버제트,성남 분당구,https://www.indeed.com/viewjob?jk=ca86fbbb2d63efd3&from=serp&vjs=3
"Student Researcher Intern, 2022",Google,서울,https://www.indeed.com/viewjob?jk=6dd48f3771d01215&from=serp&vjs=3
LG디스플레이,경력,경기도 파주,https://www.indeed.com/viewjob?jk=94dc24a3ffa76dcd&from=serp&vjs=3
각 부문별,Siemens Ltd. Seoul,서울 서대문구,https://www.indeed.com/viewjob?jk=dbbd8128c4949d62&from=serp&vjs=3
[NAVER Z] 데이터 엔지니어,네이버제트,성남 분당구,https://www.indeed.com/viewjob?jk=50028daa2c74bdc3&from=serp&vjs=3
라인프렌즈 2022년 각 부문 수시,라인프렌즈,서울 용산구,https://www.indeed.com/viewjob?jk=1015284880e2ff62&from=serp&vjs=3
한국필립모리스 2022년 상반기 수시,한국필립모리스㈜,서울 영등포구,https://www.indeed.com/viewjob?jk=44e9ac7f0f94e784&from=serp&vjs=3
[TL] MMORPG 클라이언트 프로그래머 모집,엔씨소프트,성남 판교역,https://www.indeed.com/viewjob?jk=71671f9e3614bff3&from=serp&vjs=3
각 부문별,KB데이타시스템,서울 마포구,https://www.indeed.com/viewjob?jk=42a2aede5f0d0880&from=serp&vjs=3
LG이노텍,무관,서울 마곡역,https://www.indeed.com/viewjob?jk=3569f7cf85c7f156&from=serp&vjs=3
"S/W 엔지니어, 데이터분석 신입/경력 정규직, 인턴",가치랩스,성남 분당구,https://www.indeed.com/viewjob?jk=5ea9ea023c6ccc03&from=serp&vjs=3
2022년 새일직업교육훈련 교육생,용산여성인력개발센터,서울 용산구,https://www.indeed.com/viewjob?jk=fbed10c0a508a8b7&from=serp&vjs=3
SW 분야 상시,한화시스템,성남 분당구,https://www.indeed.com/viewjob?jk=62dac7c94197e83c&from=serp&vjs=3
"Student Researcher Intern, 2022",구글코리아,서울 강남구,https://www.indeed.com/viewjob?jk=19bec8e9df6b4192&from=serp&vjs=3
[SAPEON Korea] Deep Learning Software Engineer,에스케이텔레콤,성남 분당구,https://www.indeed.com/viewjob?jk=46ae6c56dfa9a4db&from=serp&vjs=3
Software Engineer - Python and K8s,Canonical - Jobs,서울,https://www.indeed.com/viewjob?jk=9e154b5b00d09b31&from=serp&vjs=3
Python 개발자,아이비엔티,성남 분당구,https://www.indeed.com/viewjob?jk=edadd333401cfac4&from=serp&vjs=3
"자율 주행, 로봇 SW 개발자",에바,성남 수정구,https://www.indeed.com/viewjob?jk=e30fe92d72ceb17c&from=serp&vjs=3
각 부문별,컬리,서울 강남구,https://www.indeed.com/viewjob?jk=84329a66291839cd&from=serp&vjs=3
[KSTEC] RPA 신입/경력,지식시스템,성남 분당구,https://www.indeed.com/viewjob?jk=4ef9b74546c576c3&from=serp&vjs=3
[KSTEC] 통계 및 Business Analytics 신입 및 경력사원,지식시스템,성남 분당구,https://www.indeed.com/viewjob?jk=0776d9aa07c7c05d&from=serp&vjs=3
[신입] Growth Data Analyst,네이버,서울,https://www.indeed.com/viewjob?jk=8084fbb717c9ae95&from=serp&vjs=3
AI연구원,한화테크윈,성남 분당구,https://www.indeed.com/viewjob?jk=29bc242e7f74b36c&from=serp&vjs=3
딥러닝 AI 개발 연구원,베이리스,성남 수정구,https://www.indeed.com/viewjob?jk=87309d3ff40ead61&from=serp&vjs=3
빗썸 테크 캠프 : 블록체인 코스 / 2기,빗썸코리아,서울 강남구,https://www.indeed.com/viewjob?jk=43f9207eb4d59a40&from=serp&vjs=3
LG디스플레이,신입,경기도 파주,https://www.indeed.com/viewjob?jk=f862943b20c18383&from=serp&vjs=3
[고객서비스] 데이터 분석 및 예측모형 개발 담당자,한국카카오은행,성남 분당구,https://www.indeed.com/viewjob?jk=fb144d2f495e2b79&from=serp&vjs=3
[외국계 스타트업 미소] Business Analyst,유한회사 미소,서울,https://www.indeed.com/viewjob?jk=51df90967b46e8f0&from=serp&vjs=3
Vision AI 알고리즘 및 응용서비스 개발자,에스케이텔레콤,성남 분당구,https://www.indeed.com/viewjob?jk=49c2335270363fe6&from=serp&vjs=3
[신규연구과제/취업지원/무료교육] 2022년 바이오 의약 R&D 분석연구 전문교육 훈련생,한국여성과학기술인육성재단,서울 강남구,https://www.indeed.com/viewjob?jk=86ac343b66b185b8&from=serp&vjs=3
Quantitative Research Intern,WorldQuant,서울,https://www.indeed.com/viewjob?jk=4a0a7b36dbc554f9&from=serp&vjs=3
웹개발 신입 정규직,플레이쓰리에스,성남 분당구,https://www.indeed.com/viewjob?jk=556725095040cbba&from=serp&vjs=3
전문연구요원 (병역특례) 수시 (AI / HW 분야),딥엑스,성남 분당구,https://www.indeed.com/viewjob?jk=78e99625e5de3c95&from=serp&vjs=3
"Software Engineering Intern, 2022",구글코리아,서울 강남구,https://www.indeed.com/viewjob?jk=1e052c5f8de98657&from=serp&vjs=3
금융 Data Scientist 컨설턴트,페니로이스,서울 종로구,https://www.indeed.com/viewjob?jk=4878f09bb45acf42&from=serp&vjs=3
LG CNS,신입,서울,https://www.indeed.com/viewjob?jk=c2d2972896b3c314&from=serp&vjs=3
AI Backend 시스템 개발 전문가,에스케이텔레콤,서울 중구,https://www.indeed.com/viewjob?jk=552d19ff588db14f&from=serp&vjs=3
각 부문별,직방,서울 종로구,https://www.indeed.com/viewjob?jk=89fab436b9d0fd20&from=serp&vjs=3
JR0186078 AI Research Engineer Intern,인텔코리아,서울,https://www.indeed.com/viewjob?jk=016de9bb83a8032d&from=serp&vjs=3
각 부문별,드림어스컴퍼니,서울 서초구,https://www.indeed.com/viewjob?jk=89da943e9a11af36&from=serp&vjs=3
기술 인턴 인공지능 응용 연구/개발 인턴,써로마인드로보틱스,서울 관악구,https://www.indeed.com/viewjob?jk=71c47ac87bb4087e&from=serp&vjs=3
"[리얼클래스]백엔드 개발자 (Backend Developer, Python)",퀄슨,서울 강남구,https://www.indeed.com/viewjob?jk=4a1aa006f00eca8d&from=serp&vjs=3
백엔드 경력 정규직,라이트비전,서울 성동구,https://www.indeed.com/viewjob?jk=6951621d5ab5737c&from=serp&vjs=3
[경일게임아카데미] 자바/ 파이썬(Java/ Python) 교강사,경일게임아카데미,서울 강동구,https://www.indeed.com/viewjob?jk=19ed9eea769ce3ba&from=serp&vjs=3
SW개발,한화테크윈,성남 분당구,https://www.indeed.com/viewjob?jk=57f041a0adf054fa&from=serp&vjs=3
AI/Machine Learning 컨설턴트,삼일pwc컨설팅,서울 용산구,https://www.indeed.com/viewjob?jk=af725950cbacee18&from=serp&vjs=3
LG이노텍,경력,서울 강서구,https://www.indeed.com/viewjob?jk=eda6ac5ce6aa942e&from=serp&vjs=3
Software Engineer,구글코리아,서울 강남구,https://www.indeed.com/viewjob?jk=2b6c8e2c63278cc6&from=serp&vjs=3
[NHN] 인사운영,NHN] [NHN,성남 판교역,https://www.indeed.com/viewjob?jk=a27cd33cb789697d&from=serp&vjs=3
Vocational Training Program Intern (Developer/Researcher Rol...,SAP,서울,https://www.indeed.com/viewjob?jk=f47ebb0bdca6b45c&from=serp&vjs=3
LG CNS,경력,서울,https://www.indeed.com/viewjob?jk=6d86e9f32d31c84f&from=serp&vjs=3
LG전자,경력,서울 서초구,https://www.indeed.com/viewjob?jk=b5cdce28972b321e&from=serp&vjs=3
디자인팀 웹퍼블리셔 경력직,인크루트,서울 중구,https://www.indeed.com/viewjob?jk=6ab1a49ea7d89857&from=serp&vjs=3
2022 GEDP (Global Engineering Development Program),GE Appliances,경기도 성남,https://www.indeed.com/viewjob?jk=707ea4e741502247&from=serp&vjs=3
2022년 충남대학교 소프트웨어연구소 AI 인공지능 교육생,충남대학교산학협력단,대전 유성구,https://www.indeed.com/viewjob?jk=0676d11468b8efeb&from=serp&vjs=3
AI / Big Data 전문가 - 글로벌 전자대기업,에스에프인촌,서울,https://www.indeed.com/viewjob?jk=e53277043e51d7dc&from=serp&vjs=3
[SNOW] 렌더링 엔진 개발자,스노우,성남 분당구,https://www.indeed.com/viewjob?jk=91ea23754650fe56&from=serp&vjs=3
"플랫폼 S/W 개발자(웹 엔지니어·웹 프로그래머,Java, jsp, Python)",시대의영웅,서울 강서구,https://www.indeed.com/viewjob?jk=67a0144e23532849&from=serp&vjs=3
[CA] 웹 스크래핑 엔지니어,한국카카오은행,성남 분당구,https://www.indeed.com/viewjob?jk=734bfe53052d832c&from=serp&vjs=3
Python Programmer,Mofac,서울 서초구,https://www.indeed.com/viewjob?jk=df21e3bb5d773616&from=serp&vjs=3
"[대기업] 딥러닝 (AI, 영상인식) 전문가 (석박사급)",비에이블컨설팅그룹,서울,https://www.indeed.com/viewjob?jk=8328bf902262ab9f&from=serp&vjs=3
딥러닝 알고리즘 및 응용 Engineer,딥엑스,성남 분당구,https://www.indeed.com/viewjob?jk=35f0a25dee5f3312&from=serp&vjs=3
"Python, 인공지능(AI) 외 신입/경력 정규직",엔쓰리엔,서울,https://www.indeed.com/viewjob?jk=de07550dd13fe2df&from=serp&vjs=3
[고용노동부 취업교육] 자바·스프링·앱 실무 개발자 4월,아이티윌 부산교육센터,부산 부산진구,https://www.indeed.com/viewjob?jk=c0763db386258cf0&from=serp&vjs=3
전문연구요원 (병역특례) 수시 (AI / SW 분야),딥엑스,성남 분당구,https://www.indeed.com/viewjob?jk=d83fc0dd2641f483&from=serp&vjs=3
백엔드 Python 서버 개발 경력 정규직,모세피플,서울 용산구,https://www.indeed.com/viewjob?jk=afee7f5c68b7ac60&from=serp&vjs=3
[전과정무료/취업연계] 2022년 한국정보보호산업협회 뉴딜일자리사업 교육과정 참여자,한국정보보호산업협회,서울,https://www.indeed.com/viewjob?jk=5c7ff21bcc7d6b76&from=serp&vjs=3
[IT] 빅데이터 플랫폼 엔지니어,현대자동차,서울 서초구,https://www.indeed.com/viewjob?jk=1f678b060b6e8f82&from=serp&vjs=3
AI Software Engineer,GE Appliances,경기도 성남,https://www.indeed.com/viewjob?jk=53fbfe54f327d9dc&from=serp&vjs=3
SW 분야 상시 채용,한화그룹,서울,https://www.indeed.com/viewjob?jk=ff65b0301d703f24&from=serp&vjs=3
"AI: 데이터분석 통한 예측모델링, 알고리즘, 개인화 추천 전문가 (과장/대리급), TOP금융그룹 투자",코어포인트,서울 영등포구,https://www.indeed.com/viewjob?jk=40080b54d1262279&from=serp&vjs=3
인공지능(AI) 소프트웨어 개발자,우림아이씨티,성남 분당구,https://www.indeed.com/viewjob?jk=6da9ecbd35365db0&from=serp&vjs=3
[연구개발 부문] 연구원 (MCU 계측제어설계/머신비전/이미지프로세싱),모든,경기도 광명,https://www.indeed.com/viewjob?jk=169c34429b3b9f76&from=serp&vjs=3
